<?xml version="1.0"?>
<doc>
    <assembly>
        "AvsFilterNet"
    </assembly>
    <members>
        <member name="M:AvsFilterNet.AvisynthFilterClassAttribute.#ctor(System.Type,System.String,System.String)">
            <summary>
    The constructor of AvisynthFilterClassAttribute.
</summary>
            <param name="type">Your plugin type. It must be derived from AvisynthFilter.</param>
            <param name="filterName">Plugin name. This is the name used in AVS scripts.</param>
            <param name="arguments">Plugin arguments. It is a string that defines the types and optional names of the arguments for you filter.<br />
                                        c - Video Clip<br />
                                        i - Integer number<br />
                                        f - Float number<br />
                                        s - String<br />
                                        b - boolean<br />
                                The word inside the [ ] lets you used named parameters in your script<br />
                                e.g last=SimpleSample(last,windowclip,size=100).<br />
                                but last=SimpleSample(last,windowclip, 100) will also work <br />
Any type can be followed with a '*' or '+' to indicate "zero or more" or "one or more" respectively. <br />
In this case all the matching arguments will be gathered into a sub-array.<br />
For example, if your type string is "is+f", then the integer argument will be args[0], <br />
the string arguments will be args[1][0], args[1][1], etc. , and the float argument will be args[2].<br />
'.' matches a single argument of any type. To match multiple arguments of any type, use ".*" or ".+". </param>
        </member>
        <member name="M:AvsFilterNet.AvisynthFilter.NewVideoFrame(System.Int32,AvsFilterNet.ScriptEnvironment)">
            <summary>Creates a new <see cref="T:AvsFilterNet.VideoFrame" /> using <see cref="T:AvsFilterNet.VideoFrame" /> of the filter itself, with specified frame align.</summary>
        </member>
        <member name="M:AvsFilterNet.AvisynthFilter.NewVideoFrame(AvsFilterNet.ScriptEnvironment)">
            <summary>Creates a new <see cref="T:AvsFilterNet.VideoFrame" /> using <see cref="T:AvsFilterNet.VideoFrame" /> of the filter itself.</summary>
        </member>
        <member name="M:AvsFilterNet.AvisynthFilter.GetFrame(System.Int32,AvsFilterNet.ScriptEnvironment)">
            <summary>Called when the specified frame is requested.</summary>
            <param name="n">Requested frame number.</param>
            <param name="env">Script environment object.</param>
            <returns>A <see cref="T:AvsFilterNet.VideoFrame" />. If null (or Nothing in Visual Basic) is returned, the frame will be fetched from <see cref="P:AvsFilterNet.AvisynthFilter.Child" />.</returns>
        </member>
        <member name="M:AvsFilterNet.AvisynthFilter.ExecuteAfter(AvsFilterNet.AVSValue,AvsFilterNet.ScriptEnvironment)">
            <summary>Called at the end of the filter creation and allows executing additional post-processing plugins.</summary>
            <param name="clip">The output clip of this plugin.</param>
            <param name="env">Script environment object.</param>
            <returns>A <see cref="T:AvsFilterNet.AVSValue" />A <see cref="T:AvsFilterNet.AVSValue" />. The plugin chain to return to AviSynth for processing.</returns>
        </member>
        <member name="M:AvsFilterNet.AvisynthFilter.ExecuteBefore(AvsFilterNet.AVSValue,System.Boolean@,AvsFilterNet.ScriptEnvironment)">
            <summary>Called before the filter creation and allows executing pre-processing filters.</summary>
            <param name="clip">The source clip of this filter.</param>
            <param name="cancelLoad">If set to true, this plugin will not be executed. Useful if you're instead executing other plugins.</param>
            <param name="env">Script environment object.</param>
            <returns>A <see cref="T:AvsFilterNet.AVSValue" />A <see cref="T:AvsFilterNet.AVSValue" />. The plugin chain to return to AviSynth for processing.</returns>
        </member>
        <member name="M:AvsFilterNet.AvisynthFilter.Initialize(AvsFilterNet.AVSValue,AvsFilterNet.ScriptEnvironment)">
            <summary>Called when the class is being initialized. Use this function instead of overriding the constructor.</summary>
            <param name="args">The AviSynth arguments of the plugin.</param>
            <param name="env">Script environment object.</param>
        </member>
        <member name="M:AvsFilterNet.AvisynthFilter.SetVideoInfo(AvsFilterNet.VideoInfo@)">
            <summary>Sets new video info. If you want to use a output format different from that of child clip, you must call this method to specify it.</summary>
            <remarks>This method can only be called during filter initialization, otherwise an exception will be thrown. Additionally, don't call <see cref="M:AvsFilterNet.AvisynthFilter.SetChild(AvsFilterNet.Clip)" /> after new video info is set as it will be overwritten.</remarks>
        </member>
        <member name="M:AvsFilterNet.AvisynthFilter.SetChild(AvsFilterNet.Clip)">
            <summary>Sets a <see cref="T:AvsFilterNet.Clip" /> as new child clip.</summary>
            <remarks>This method can only be called during filter initialization, otherwise an exception will be thrown.</remarks>
        </member>
        <member name="P:AvsFilterNet.AvisynthFilter.Child">
            <summary>The child clip. It will be used in methods that is not overrode or when null (or Nothing in Visual Basic) is returned in <see cref="M:AvsFilterNet.AvisynthFilter.GetFrame(System.Int32,AvsFilterNet.ScriptEnvironment)" />.</summary>
        </member>
        <member name="M:AvsFilterNet.AvisynthFilter.#ctor">
            <summary>The constructor of <see cref="T:AvsFilterNet.AvisynthFilter" />.</summary>
        </member>
        <member name="T:AvsFilterNet.VideoFrameCollector">
            <summary>Simplifies AVSValue deallocation. When it is disposed, all AVSValue created in its life cycle will be disposed as well. Useful for env.Invoke calls.</summary>
        </member>
        <member name="T:AvsFilterNet.AVSValueCollector">
            <summary>Simplifies AVSValue deallocation. When it is disposed, all AVSValue created in its life cycle will be disposed as well. Useful for env.Invoke calls.</summary>
        </member>
        <member name="M:AvsFilterNet.ScriptEnvironment.Invoke(System.String,AvsFilterNet.AVSValue)">
            <summary>Invokes another function/filter. You must dispose all AVSValues used in this method, including return value. Use <see cref="T:AvsFilterNet.AVSValueCollector" /> to automatically do this.</summary>
        </member>
        <member name="M:AvsFilterNet.ScriptEnvironment.Invoke(System.String,AvsFilterNet.AVSValue,System.String[])">
            <summary>Invokes another function/filter. You must dispose all AVSValues used in this method, including return value. Use <see cref="T:AvsFilterNet.AVSValueCollector" /> to automatically do this.</summary>
        </member>
        <member name="T:AvsFilterNet.MtMode">
            <summary>The multi-threading mode for AviSynth+.</summary>
        </member>
        <member name="F:AvsFilterNet.MtMode.SERIALIZED">
            <summary>A single instance of the filter will be created and it will receive a single GetFrame request at once. Useful for source filters.</summary>
        </member>
        <member name="F:AvsFilterNet.MtMode.MULTI_INSTANCE">
            <summary>An instance of the filter will be created for each thread and each instance will receive a single GetFrame request at once.</summary>
        </member>
        <member name="F:AvsFilterNet.MtMode.NICE_FILTER">
            <summary>A single instance of the filter will be created and GetFrame will be called in parallel from various threads.</summary>
        </member>
        <member name="F:AvsFilterNet.MtMode.UNKNOWN">
            <summary>MT mode won't be configured.</summary>
        </member>
    </members>
</doc>